algorithm,n,q_min,q_max,L,runs,matched_rate,avg_rank,blocking_pairs,avg_distance,utilisation
Baby-oriented Greedy,100,8,25,0.5,100,1.0,1.0230436855158713,16.91,0.36674351037530867,0.5001704492043363
Daycare-oriented Greedy,100,8,25,0.5,100,1.0,50.540458650203256,33758.04,0.039464031984813366,0.5001704492043363
Threshold 0.05,100,8,25,0.5,100,0.7592812332627443,38.41921146724354,40726.53,0.03304586010261053,0.37977002557286355
Threshold 0.10,100,8,25,0.5,100,0.9841853476516041,18.70734530272183,13703.67,0.06541995716064912,0.4922602257590845
Threshold 0.15,100,8,25,0.5,100,0.9989522726764113,9.480909849574,6243.25,0.09707256481719304,0.49964636263768425
Threshold 0.20,100,8,25,0.5,100,0.9999512348858124,5.774124648096554,3477.87,0.12763986076294828,0.5001460517615269
Threshold 0.25,100,8,25,0.5,100,1.0,3.9864254919974167,2180.69,0.15748159418728178,0.5001704492043363
Threshold 0.30,100,8,25,0.5,100,1.0,2.978096089485652,1451.41,0.18679812922924946,0.5001704492043363
Threshold 0.35,100,8,25,0.5,100,1.0,2.346551044023025,992.23,0.21509994363636206,0.5001704492043363
Threshold 0.40,100,8,25,0.5,100,1.0,1.9272970349321121,689.02,0.24288105976293678,0.5001704492043363
Threshold 0.45,100,8,25,0.5,100,1.0,1.6319029408474452,474.71,0.26910961676673795,0.5001704492043363
Threshold 0.50,100,8,25,0.5,100,1.0,1.4199786115232227,318.9,0.2936146471166104,0.5001704492043363
Threshold 0.55,100,8,25,0.5,100,1.0,1.2696803607192746,204.59,0.31512046960158513,0.5001704492043363
Threshold 0.60,100,8,25,0.5,100,1.0,1.164687938247398,124.63,0.33356026783709586,0.5001704492043363
Threshold 0.65,100,8,25,0.5,100,1.0,1.0954315662718996,72.28,0.34777335640363227,0.5001704492043363
Threshold 0.70,100,8,25,0.5,100,1.0,1.0546761440857932,41.09,0.3574558089127504,0.5001704492043363
Threshold 0.75,100,8,25,0.5,100,1.0,1.0362954580337587,27.08,0.36245567634105685,0.5001704492043363
Threshold 0.80,100,8,25,0.5,100,1.0,1.0284235469948488,20.98,0.36486265484874736,0.5001704492043363
Threshold 0.85,100,8,25,0.5,100,1.0,1.0245741742709091,18.05,0.3661618344989791,0.5001704492043363
Threshold 0.90,100,8,25,0.5,100,1.0,1.023365686171287,17.14,0.3666124806486688,0.5001704492043363
Threshold 0.95,100,8,25,0.5,100,1.0,1.0230687521088249,16.93,0.36673123008959024,0.5001704492043363
Threshold 1.00,100,8,25,0.5,100,1.0,1.0230436855158713,16.91,0.36674351037530867,0.5001704492043363
Baby-oriented Greedy,100,8,25,0.8,100,1.0,1.157243776362038,188.87,0.3680351298683533,0.8002459647584463
Daycare-oriented Greedy,100,8,25,0.8,100,1.0,50.42199603744254,29341.53,0.04997547241251296,0.8002459647584463
Threshold 0.05,100,8,25,0.8,100,0.7276332875678677,38.537707089754996,56105.26,0.033098692023301415,0.5822847759175223
Threshold 0.10,100,8,25,0.8,100,0.9476296815666216,20.440349995318744,17370.35,0.06569543139316708,0.7583365018455875
Threshold 0.15,100,8,25,0.8,100,0.987200339645261,11.246002783573111,7918.26,0.09726793277636013,0.790003093813249
Threshold 0.20,100,8,25,0.8,100,0.9971738553850561,6.946056938460324,4324.67,0.12797215919221724,0.7979844077720968
Threshold 0.25,100,8,25,0.8,100,0.9994513811115715,4.789231618637486,2736.14,0.15748507805103065,0.7998069643969338
Threshold 0.30,100,8,25,0.8,100,0.9999326851159311,3.536601578859158,1873.64,0.18658348783905557,0.800192104794353
Threshold 0.35,100,8,25,0.8,100,0.9999775617053104,2.7992851623679433,1398.8,0.21451632521603603,0.8002280114370819
Threshold 0.40,100,8,25,0.8,100,0.9999925205684369,2.3020194466168182,1072.32,0.24226925560574689,0.8002399803179915
Threshold 0.45,100,8,25,0.8,100,1.0,1.9354294370596907,813.07,0.2693356621196497,0.8002459647584463
Threshold 0.50,100,8,25,0.8,100,1.0,1.6627234935414839,610.3,0.2948742436134574,0.8002459647584463
Threshold 0.55,100,8,25,0.8,100,1.0,1.4647971166043974,450.16,0.3176138586140932,0.8002459647584463
Threshold 0.60,100,8,25,0.8,100,1.0,1.3292485849124511,335.21,0.3363033958557739,0.8002459647584463
Threshold 0.65,100,8,25,0.8,100,1.0,1.2436184084411768,261.5,0.35013660524700085,0.8002459647584463
Threshold 0.70,100,8,25,0.8,100,1.0,1.1927367098525974,216.79,0.3595416450295458,0.8002459647584463
Threshold 0.75,100,8,25,0.8,100,1.0,1.172683299189498,200.3,0.36409073277533127,0.8002459647584463
Threshold 0.80,100,8,25,0.8,100,1.0,1.1624759717191393,191.98,0.3665511551355399,0.8002459647584463
Threshold 0.85,100,8,25,0.8,100,1.0,1.1586456608559728,189.58,0.3675937859127748,0.8002459647584463
Threshold 0.90,100,8,25,0.8,100,1.0,1.1574158089450284,188.91,0.3679663214352305,0.8002459647584463
Threshold 0.95,100,8,25,0.8,100,1.0,1.157243776362038,188.87,0.3680351298683533,0.8002459647584463
Threshold 1.00,100,8,25,0.8,100,1.0,1.157243776362038,188.87,0.3680351298683533,0.8002459647584463
Baby-oriented Greedy,100,8,25,0.9,100,1.0,1.283079319912193,383.6,0.36924787452526403,0.900298604753742
Daycare-oriented Greedy,100,8,25,0.9,100,1.0,50.467098032906144,21802.0,0.05725583939492099,0.900298604753742
Threshold 0.05,100,8,25,0.9,100,0.7109470624833503,38.706796649672796,58974.73,0.03312670421767459,0.6400653271816387
Threshold 0.10,100,8,25,0.9,100,0.9266908032835868,21.10469207797576,16417.57,0.06586479806627837,0.834298680678349
Threshold 0.15,100,8,25,0.9,100,0.9735236016823638,12.09812089927161,7398.72,0.09749408093477129,0.8764619311376444
Threshold 0.20,100,8,25,0.9,100,0.9903799990490189,7.824754441652732,4222.94,0.12798422101383486,0.8916376782143837
Threshold 0.25,100,8,25,0.9,100,0.9967462534504098,5.496255433360766,2741.6,0.15784474254920394,0.8973691721187314
Threshold 0.30,100,8,25,0.9,100,0.9989873175810784,4.085905116449815,1947.23,0.18650310855568542,0.899386836710774
Threshold 0.35,100,8,25,0.9,100,0.9997964265509003,3.232040704864187,1509.42,0.2139744958052069,0.9001153042031071
Threshold 0.40,100,8,25,0.9,100,0.9999674583966413,2.6575950004775826,1241.48,0.24139898428413215,0.9002693025305237
Threshold 0.45,100,8,25,0.9,100,1.0,2.2253331978070197,1008.61,0.26868219308307445,0.900298604753742
Threshold 0.50,100,8,25,0.9,100,1.0,1.8987817494317107,815.99,0.2942101574246498,0.900298604753742
Threshold 0.55,100,8,25,0.9,100,1.0,1.662453203133023,661.51,0.31765451612017004,0.900298604753742
Threshold 0.60,100,8,25,0.9,100,1.0,1.4956089369221948,536.79,0.33670351303564333,0.900298604753742
Threshold 0.65,100,8,25,0.9,100,1.0,1.3878928489484397,456.54,0.3511201868589944,0.900298604753742
Threshold 0.70,100,8,25,0.9,100,1.0,1.3287590085659406,412.87,0.36020668095843966,0.900298604753742
Threshold 0.75,100,8,25,0.9,100,1.0,1.3019113334055927,393.79,0.36504936836841745,0.900298604753742
Threshold 0.80,100,8,25,0.9,100,1.0,1.2896560503557613,386.74,0.36760290270242585,0.900298604753742
Threshold 0.85,100,8,25,0.9,100,1.0,1.2846373248321288,384.02,0.36873476883097484,0.900298604753742
Threshold 0.90,100,8,25,0.9,100,1.0,1.2833895202159398,383.71,0.3691615860733344,0.900298604753742
Threshold 0.95,100,8,25,0.9,100,1.0,1.283079319912193,383.6,0.36924787452526403,0.900298604753742
Threshold 1.00,100,8,25,0.9,100,1.0,1.283079319912193,383.6,0.36924787452526403,0.900298604753742
Baby-oriented Greedy,100,8,25,1.0,100,1.0,1.9296483133808147,1417.02,0.3690190964652554,1.0
Daycare-oriented Greedy,100,8,25,1.0,100,1.0,50.497167679170246,16176.3,0.07834567496059551,1.0
Threshold 0.05,100,8,25,1.0,100,0.6956480440545029,38.70800543327791,59746.0,0.033131066052234114,0.6956480440545029
Threshold 0.10,100,8,25,1.0,100,0.8888552881112937,21.746254715425994,15060.94,0.06590481508213393,0.8888552881112937
Threshold 0.15,100,8,25,1.0,100,0.9369157587009544,13.151941598504276,6960.29,0.0978127815792273,0.9369157587009544
Threshold 0.20,100,8,25,1.0,100,0.9594719511306704,9.088929657250594,4403.1,0.1285086577651868,0.9594719511306704
Threshold 0.25,100,8,25,1.0,100,0.9714533574115103,6.815094464687197,3622.71,0.15842417906078549,0.9714533574115103
Threshold 0.30,100,8,25,1.0,100,0.9808885564408917,5.4319057925943195,3080.01,0.18724213076943433,0.9808885564408917
Threshold 0.35,100,8,25,1.0,100,0.9876806460436444,4.51856385816262,2685.0,0.21467691611757445,0.9876806460436444
Threshold 0.40,100,8,25,1.0,100,0.9921891525188526,3.9073258110660145,2468.88,0.2419075666559283,0.9921891525188526
Threshold 0.45,100,8,25,1.0,100,0.9952412111335055,3.394290212614124,2270.21,0.26916535750227666,0.9952412111335055
Threshold 0.50,100,8,25,1.0,100,0.9973877692758744,2.9284037895874007,2011.09,0.29510258133248474,0.9973877692758744
Threshold 0.55,100,8,25,1.0,100,0.9984773940760152,2.556911381740868,1813.3,0.31877008573442306,0.9984773940760152
Threshold 0.60,100,8,25,1.0,100,0.9991955453513677,2.2966927020813683,1662.61,0.3381223632856518,0.9991955453513677
Threshold 0.65,100,8,25,1.0,100,0.9996321370341884,2.0893146729521272,1503.77,0.3523868100528788,0.9996321370341884
Threshold 0.70,100,8,25,1.0,100,0.9999147035262382,1.9902849462945305,1432.57,0.3614452786634107,0.9999147035262382
Threshold 0.75,100,8,25,1.0,100,0.9999580054826833,1.9554198259632798,1425.48,0.3657765644921575,0.9999580054826833
Threshold 0.80,100,8,25,1.0,100,0.999987987987988,1.939098019096694,1420.35,0.3678453830141221,0.999987987987988
Threshold 0.85,100,8,25,1.0,100,0.9999939939939941,1.935773267046519,1424.31,0.36869904039754714,0.9999939939939941
Threshold 0.90,100,8,25,1.0,100,1.0,1.930333418986929,1417.57,0.36893972594888264,1.0
Threshold 0.95,100,8,25,1.0,100,1.0,1.9293714768247698,1416.62,0.36901932590632414,1.0
Threshold 1.00,100,8,25,1.0,100,1.0,1.9296483133808147,1417.02,0.3690190964652554,1.0
Baby-oriented Greedy,100,8,25,1.1,100,0.9088313855489308,1.9112827917059312,16973.24,0.36874037230956497,1.0
Daycare-oriented Greedy,100,8,25,1.1,100,0.9088313855489308,50.488140126542774,20081.8,0.07989092510219499,1.0
Threshold 0.05,100,8,25,1.1,100,0.6744369204086361,38.796738108375514,59499.32,0.03319062569814292,0.7420925824142492
Threshold 0.10,100,8,25,1.1,100,0.847144792890255,22.25356009062414,12986.45,0.06600747704559404,0.9321253785337352
Threshold 0.15,100,8,25,1.1,100,0.8848738679877299,13.78684350021247,6094.14,0.09782276285930104,0.973639021842109
Threshold 0.20,100,8,25,1.1,100,0.8986377406907994,9.733033214839416,5515.91,0.12866740006054536,0.9887836430556011
Threshold 0.25,100,8,25,1.1,100,0.9056665328047971,7.4258665305745595,6236.47,0.15856853694820042,0.9965175608800736
Threshold 0.30,100,8,25,1.1,100,0.9082209206535415,5.961907753999259,7574.53,0.187100960863355,0.9993282344324536
Threshold 0.35,100,8,25,1.1,100,0.9088205159837135,4.957077786579448,9153.13,0.2144128638635199,0.999988038277512
Threshold 0.40,100,8,25,1.1,100,0.9088313855489308,4.204818095611493,10782.28,0.24167525973033768,1.0
Threshold 0.45,100,8,25,1.1,100,0.9088313855489308,3.5996838445689456,12288.36,0.268713565627944,1.0
Threshold 0.50,100,8,25,1.1,100,0.9088313855489308,3.0647299225267357,13579.97,0.2945250456274666,1.0
Threshold 0.55,100,8,25,1.1,100,0.9088313855489308,2.6473034987955266,14670.37,0.31815538168247287,1.0
Threshold 0.60,100,8,25,1.1,100,0.9088313855489308,2.3320432611256177,15538.42,0.3372592183462213,1.0
Threshold 0.65,100,8,25,1.1,100,0.9088313855489308,2.108353276160382,16164.96,0.35170813845216253,1.0
Threshold 0.70,100,8,25,1.1,100,0.9088313855489308,1.971715380274844,16557.84,0.3606626521046357,1.0
Threshold 0.75,100,8,25,1.1,100,0.9088313855489308,1.92101880045613,16759.16,0.3650033202139311,1.0
Threshold 0.80,100,8,25,1.1,100,0.9088313855489308,1.9149292163999154,16893.84,0.36730328189309114,1.0
Threshold 0.85,100,8,25,1.1,100,0.9088313855489308,1.9095263207945274,16946.93,0.3682824919480187,1.0
Threshold 0.90,100,8,25,1.1,100,0.9088313855489308,1.9097522911927263,16966.47,0.3686561455254251,1.0
Threshold 0.95,100,8,25,1.1,100,0.9088313855489308,1.9113280149959255,16973.15,0.36873639577721695,1.0
Threshold 1.00,100,8,25,1.1,100,0.9088313855489308,1.9112827917059312,16973.24,0.36874037230956497,1.0
Baby-oriented Greedy,100,8,25,1.25,100,0.7998450266096464,1.9108743199543403,40221.24,0.3682012315661241,1.0
Daycare-oriented Greedy,100,8,25,1.25,100,0.7998450266096464,50.52145453082315,24713.0,0.07819730301552456,1.0
Threshold 0.05,100,8,25,1.25,100,0.6433652750797819,38.87839563471392,57903.39,0.03316740938747155,0.8043626184493902
Threshold 0.10,100,8,25,1.25,100,0.7776114830155505,22.86243059562178,9071.33,0.06602812026230721,0.9722028375007895
Threshold 0.15,100,8,25,1.25,100,0.7955722808322299,14.281471000685324,6277.92,0.09790297761324279,0.9946581307153519
Threshold 0.20,100,8,25,1.25,100,0.7994372347712942,9.945649857980438,8668.34,0.12863302212188937,0.9994901657212485
Threshold 0.25,100,8,25,1.25,100,0.7998450266096464,7.456678617350653,12323.16,0.1584527372884586,1.0
Threshold 0.30,100,8,25,1.25,100,0.7998450266096464,5.9150250858471916,16267.56,0.18732351471459055,1.0
Threshold 0.35,100,8,25,1.25,100,0.7998450266096464,4.881500734203408,20234.52,0.21468269669177664,1.0
Threshold 0.40,100,8,25,1.25,100,0.7998450266096464,4.136706423967028,24189.67,0.24243585720299746,1.0
Threshold 0.45,100,8,25,1.25,100,0.7998450266096464,3.5154040719369295,27855.0,0.2696539557920667,1.0
Threshold 0.50,100,8,25,1.25,100,0.7998450266096464,2.999281034297626,31145.65,0.29568559302220515,1.0
Threshold 0.55,100,8,25,1.25,100,0.7998450266096464,2.596238452214585,34048.92,0.319112905443471,1.0
Threshold 0.60,100,8,25,1.25,100,0.7998450266096464,2.303992335125217,36377.58,0.33774694445642306,1.0
Threshold 0.65,100,8,25,1.25,100,0.7998450266096464,2.1104243160255702,38185.35,0.3519135798422202,1.0
Threshold 0.70,100,8,25,1.25,100,0.7998450266096464,1.996572091626748,39286.67,0.3608964496980227,1.0
Threshold 0.75,100,8,25,1.25,100,0.7998450266096464,1.9509827614510515,39825.41,0.36507907270934814,1.0
Threshold 0.80,100,8,25,1.25,100,0.7998450266096464,1.928753513225994,40095.32,0.3670933763617408,1.0
Threshold 0.85,100,8,25,1.25,100,0.7998450266096464,1.9153303643667048,40174.46,0.36783532721409506,1.0
Threshold 0.90,100,8,25,1.25,100,0.7998450266096464,1.9106270357216153,40213.32,0.36814505575811185,1.0
Threshold 0.95,100,8,25,1.25,100,0.7998450266096464,1.9110489247024476,40221.2,0.36819313311913,1.0
Threshold 1.00,100,8,25,1.25,100,0.7998450266096464,1.9108743199543403,40221.24,0.3682012315661241,1.0
Baby-oriented Greedy,100,8,25,1.5,100,0.6666128536522504,1.9109998367345888,78972.2,0.36759741479744684,1.0
Daycare-oriented Greedy,100,8,25,1.5,100,0.6666128536522504,50.4449952322233,34096.66,0.07838936169333102,1.0
Threshold 0.05,100,8,25,1.5,100,0.5925447970575971,39.12350084792459,47574.93,0.0332321622184651,0.8888891140699383
Threshold 0.10,100,8,25,1.5,100,0.6633289341363237,23.033859292398443,6357.6,0.06606508159214373,0.9950736621541245
Threshold 0.15,100,8,25,1.5,100,0.6665209204862876,14.27835060798362,9679.0,0.097732995384778,0.9998620820722168
Threshold 0.20,100,8,25,1.5,100,0.6666128536522504,9.890336901111937,16088.0,0.12835868675345213,1.0
Threshold 0.25,100,8,25,1.5,100,0.6666128536522504,7.4791427678711155,23389.62,0.15845624570229624,1.0
Threshold 0.30,100,8,25,1.5,100,0.6666128536522504,5.909703770161468,30973.15,0.18708270713699715,1.0
Threshold 0.35,100,8,25,1.5,100,0.6666128536522504,4.8775064759087385,38840.02,0.21446644347549035,1.0
Threshold 0.40,100,8,25,1.5,100,0.6666128536522504,4.119583334592375,46560.21,0.2417730026196644,1.0
Threshold 0.45,100,8,25,1.5,100,0.6666128536522504,3.5258751002803512,53880.22,0.26872165918058477,1.0
Threshold 0.50,100,8,25,1.5,100,0.6666128536522504,3.0315873530010706,60618.81,0.2946456399600937,1.0
Threshold 0.55,100,8,25,1.5,100,0.6666128536522504,2.6144690247120805,66481.04,0.31808435429371734,1.0
Threshold 0.60,100,8,25,1.5,100,0.6666128536522504,2.313435256940567,71255.21,0.33702244132766823,1.0
Threshold 0.65,100,8,25,1.5,100,0.6666128536522504,2.1020677026053307,74808.32,0.3507997183555424,1.0
Threshold 0.70,100,8,25,1.5,100,0.6666128536522504,1.9870335316312613,77025.83,0.3597958538837137,1.0
Threshold 0.75,100,8,25,1.5,100,0.6666128536522504,1.9347087860412293,78126.06,0.3639641701635973,1.0
Threshold 0.80,100,8,25,1.5,100,0.6666128536522504,1.9207178850013253,78662.18,0.366205656424193,1.0
Threshold 0.85,100,8,25,1.5,100,0.6666128536522504,1.914258086820144,78887.14,0.3672212941052455,1.0
Threshold 0.90,100,8,25,1.5,100,0.6666128536522504,1.9108913170882602,78952.4,0.36752199820407655,1.0
Threshold 0.95,100,8,25,1.5,100,0.6666128536522504,1.9108942241666178,78971.47,0.3675901914581175,1.0
Threshold 1.00,100,8,25,1.5,100,0.6666128536522504,1.9109998367345888,78972.2,0.36759741479744684,1.0
Baby-oriented Greedy,100,8,25,2.0,100,0.5,1.9256294430204755,155818.96,0.3678089742137037,1.0
Daycare-oriented Greedy,100,8,25,2.0,100,0.5,50.45674000982978,51506.26,0.07890013718865002,1.0
Threshold 0.05,100,8,25,2.0,100,0.48425271680064774,39.341961321853134,23470.32,0.03324740059791429,0.9685054336012955
Threshold 0.10,100,8,25,2.0,100,0.49989221830827835,23.104421639300664,8777.96,0.0660457525480966,0.9997844366165567
Threshold 0.15,100,8,25,2.0,100,0.5,14.328160523729506,18729.54,0.09791638976797973,1.0
Threshold 0.20,100,8,25,2.0,100,0.5,9.928766081111984,31151.55,0.1285140714939085,1.0
Threshold 0.25,100,8,25,2.0,100,0.5,7.483748458505571,45269.7,0.15848728814629737,1.0
Threshold 0.30,100,8,25,2.0,100,0.5,5.944327409560835,60216.86,0.18707953842000566,1.0
Threshold 0.35,100,8,25,2.0,100,0.5,4.925284220514989,75541.21,0.21453175846258637,1.0
Threshold 0.40,100,8,25,2.0,100,0.5,4.151680215057225,90930.13,0.24162473958964728,1.0
Threshold 0.45,100,8,25,2.0,100,0.5,3.504726610265148,105505.54,0.2690515167968764,1.0
Threshold 0.50,100,8,25,2.0,100,0.5,3.0008465034047482,118892.14,0.2949528108932727,1.0
Threshold 0.55,100,8,25,2.0,100,0.5,2.591888673406867,130676.67,0.31838957221494824,1.0
Threshold 0.60,100,8,25,2.0,100,0.5,2.302704976015249,140504.74,0.33798899053219295,1.0
Threshold 0.65,100,8,25,2.0,100,0.5,2.0861614184941883,147752.94,0.35217321884852526,1.0
Threshold 0.70,100,8,25,2.0,100,0.5,1.9809903747613127,152127.83,0.36053750191799416,1.0
Threshold 0.75,100,8,25,2.0,100,0.5,1.9430517021386737,154324.04,0.3646273958646079,1.0
Threshold 0.80,100,8,25,2.0,100,0.5,1.9354726294766464,155320.69,0.3666601509379114,1.0
Threshold 0.85,100,8,25,2.0,100,0.5,1.9233043772781442,155651.57,0.3674649216438058,1.0
Threshold 0.90,100,8,25,2.0,100,0.5,1.9245672084259973,155795.01,0.3677652778064131,1.0
Threshold 0.95,100,8,25,2.0,100,0.5,1.9260519481927239,155817.03,0.3677984950392553,1.0
Threshold 1.00,100,8,25,2.0,100,0.5,1.9256294430204755,155818.96,0.3678089742137037,1.0
